2018-2-20,lift
2018-2-17,lift
2018-2-13,lift
2018-2-10,lift
2018-2-6,lift
2018-2-5,lift
2018-2-2,lift
2018-1-31,lift
2018-1-30,lift
2018-1-27,lift
2018-1-24,lift
2018-1-23,lift
2018-1-20,lift
2018-1-18,lift
2018-1-16,lift
2018-1-15,lift
2018-1-13,lift
2018-1-12,lift
2018-1-9,lift
2018-1-8,lift
2018-1-6,lift
2018-1-4,lift
2018-1-2,lift
2018-1-1,lift
2017-12-30,lift
2017-12-29,lift
2017-12-26,lift
2017-12-22,lift
2017-12-19,lift
2017-12-18,lift
2017-12-16,lift
2017-12-15,lift
2017-12-11,lift
2017-12-9,lift
2017-12-8,lift
2017-12-6,lift
2017-12-4,lift
2017-12-2,lift
2017-12-1,lift
2017-11-29,lift
2017-11-25,lift
2017-11-24,lift
2017-11-19,lift
2017-11-18,lift
2017-11-15,lift
2017-11-14,lift
2017-11-13,lift
2017-11-11,lift
2017-11-10,lift
2017-11-7,lift
2017-11-6,lift
2017-11-4,lift
2017-11-3,lift
2017-11-1,lift
2017-10-31,lift
2017-10-28,lift
2017-10-26,lift
2017-10-24,lift
2017-10-23,lift
2017-10-21,lift
2017-10-20,lift
2017-10-18,lift
2017-10-17,lift
2017-10-14,lift
2017-10-13,lift
2017-10-10,lift
2017-10-9,lift
2017-10-8,lift
2017-10-6,lift
2017-10-3,lift
2017-10-1,lift
2017-9-29,lift
2017-9-28,lift
2017-9-26,lift
2017-9-25,lift
2017-9-22,lift
2017-9-20,lift
2017-9-13,lift
2017-8-29,lift
2017-8-25,lift
2017-8-22,lift
2017-8-20,lift
2017-8-16,lift
2017-8-14,lift
2017-8-11,lift
2017-8-7,lift
2017-8-5,lift
2017-8-4,lift
2017-8-2,lift
2017-7-30,lift
2017-7-28,lift
2017-7-25,lift
2017-7-22,lift
2017-7-18,lift
2017-7-16,lift
2017-7-13,lift
2017-7-11,lift
2017-7-8,lift
2017-7-5,lift
2016-12-26,lift
2016-12-23,lift
2016-12-19,lift
2016-12-17,lift
2016-12-14,lift
2016-12-12,lift
2016-12-9,lift
2016-12-6,lift
2016-12-4,lift
2016-12-2,lift
2016-11-30,lift
2016-11-28,lift
2016-11-25,lift
2016-11-21,lift
2016-11-19,lift
2016-11-16,lift
2016-11-14,lift
2016-11-12,lift
2016-11-9,lift
2016-11-8,lift
2016-11-6,lift
2016-11-4,lift
2016-11-3,lift
2016-10-31,lift
2016-10-28,lift
2016-10-26,lift
2016-10-24,lift
2016-10-21,lift
2016-10-20,lift
2016-10-18,lift
2016-10-17,lift
2016-10-10,lift
2016-9-29,lift
2016-9-17,lift
2016-9-12,lift
2016-9-9,lift
2016-8-31,lift
2016-8-26,lift
2016-8-22,lift
2016-8-8,lift
2016-8-4,lift
2016-7-30,lift
2016-7-27,lift
2016-7-24,lift
2016-7-21,lift
2016-7-19,lift
2016-7-14,lift
2016-7-10,lift
2016-7-7,lift
2016-7-3,lift
2016-6-29,lift
2016-6-26,lift
2016-6-23,lift
2016-6-19,lift
2016-6-15,lift
2016-6-13,lift
2016-6-10,lift
2016-6-7,lift
2016-6-5,lift
2016-6-2,lift
2016-6-1,lift
2016-5-30,lift
2016-5-29,lift
2016-5-26,lift
2016-5-24,lift
2016-5-22,lift
2016-5-20,lift
2016-5-18,lift
2016-5-15,lift
2016-5-13,lift
2016-5-10,lift
2016-4-24,lift
2016-4-22,lift
2016-4-19,lift
2016-4-17,lift
2016-4-14,lift
2016-4-12,lift
2016-4-10,lift
2016-4-7,lift
2016-4-5,lift
2016-4-3,lift
2016-3-31,lift
2016-3-29,lift
2016-3-27,lift
2016-3-24,lift
2016-3-22,lift
2016-3-20,lift
2016-3-17,lift
2016-3-15,lift
2016-3-13,lift
2016-3-11,lift
2016-3-8,lift
2016-3-6,lift
2016-3-4,lift
2016-2-28,lift
2016-2-25,lift
2016-2-23,lift
2016-2-21,lift
2016-2-19,lift
2016-2-16,lift
2016-2-14,lift
2016-2-11,lift
2016-2-9,lift
2016-2-7,lift
2016-2-5,lift
2016-2-2,lift
2016-1-31,lift
2016-1-28,lift
2016-1-26,lift
2016-1-24,lift
2016-1-21,lift
2016-1-14,lift
2016-1-11,lift
2016-1-7,lift
2016-1-5,lift
2016-1-3,lift
2015-12-31,lift
2015-12-30,lift
2015-12-27,lift
2015-12-26,lift
2015-12-24,lift
2015-12-20,lift
2015-12-19,lift
2015-12-16,lift
2015-12-13,lift
2015-12-12,lift
2015-12-8,lift
2015-12-6,lift
2015-12-4,lift
2015-11-30,lift
2015-11-27,lift
2015-11-23,lift
2015-11-20,lift
2015-11-18,lift
2015-11-16,lift
2015-11-12,lift
2015-11-8,lift
2015-11-1,lift
2015-10-29,lift
2015-10-28,lift
2015-10-25,lift
2015-10-22,lift
2015-10-20,lift
2015-10-18,lift
2015-10-15,lift
2015-10-13,lift
2015-10-10,lift
2015-10-8,lift
2015-10-5,lift
2015-10-3,lift
2015-10-1,lift
2015-9-28,lift
2015-9-26,lift
2015-9-24,lift
2015-9-20,lift
2015-9-19,lift
2015-9-16,lift
2015-9-13,lift
2015-9-10,lift
2015-9-6,lift
2015-9-4,lift
2015-9-1,lift
2015-8-30,lift
2015-8-28,lift
2015-8-25,lift
2015-8-23,lift
2015-8-21,lift
2015-8-18,lift
2015-8-17,lift
2015-8-15,lift
2015-8-7,lift
2015-8-4,lift
2015-8-2,lift
2015-7-31,lift
2015-7-28,lift
2015-7-26,lift
2015-7-24,lift
2015-7-21,lift
2015-7-19,lift
2015-7-17,lift
2015-7-14,lift
2015-7-12,lift
2015-7-10,lift
2015-7-7,lift
2015-7-5,lift
2015-7-4,lift
2015-6-30,lift
2015-6-27,lift
2015-6-25,lift
2015-6-23,lift
2015-6-21,lift
2015-6-19,lift
2015-6-17,lift
2015-6-15,lift
2015-6-12,lift
2015-6-11,lift
2015-6-8,lift
2015-6-7,lift
2015-6-4,lift
2015-6-3,lift
2015-6-1,lift
2015-5-30,lift
2015-5-29,lift
2015-5-27,lift
2015-5-26,lift
2015-5-24,lift
2015-5-23,lift
2015-5-22,lift
2015-5-20,lift
2015-5-19,lift
2015-5-17,lift
2015-5-16,lift
2015-5-14,lift
2015-5-12,lift
2015-5-10,lift
2015-5-9,lift
2015-5-8,lift
2015-5-6,lift
2015-5-5,lift
2015-5-3,lift
2015-5-2,lift
2015-4-30,lift
2015-4-29,lift
2015-4-26,lift
2015-4-24,lift
2015-4-23,lift
2015-4-22,lift
2015-4-20,lift
2015-4-17,lift
2015-4-15,lift
2015-4-14,lift
2015-4-13,lift
2015-4-11,lift
2015-4-10,lift
2015-4-6,lift
2015-4-3,lift
2015-4-1,lift
2015-3-27,lift
2015-3-26,lift
2015-3-25,lift
2015-3-20,lift
2015-3-17,lift
2015-3-16,lift
2015-3-15,lift
2015-3-12,lift
2015-3-10,lift
2015-3-8,lift
2015-3-6,lift
2015-3-3,lift
2015-3-2,lift
2015-3-1,lift
2015-2-26,lift
2015-2-25,lift
2015-2-21,lift
2015-2-20,lift
2015-2-18,lift
2015-2-15,lift
2015-2-14,lift
2015-2-12,lift
2015-2-10,lift
2015-2-8,lift
2015-2-5,lift
2015-2-4,lift
2015-2-2,lift
2015-1-30,lift
2015-1-28,lift
2015-1-26,lift
2015-1-23,lift
2015-1-21,lift
2015-1-19,lift
2015-1-18,lift
2015-1-17,lift
2015-1-15,lift
2015-1-13,lift
2015-1-12,lift
2015-1-9,lift
2015-1-8,lift
2015-1-2,lift
2014-12-29,lift
2014-12-28,lift
2014-12-26,lift
2014-12-25,lift
2014-12-23,lift
2014-12-21,lift
2014-12-20,lift
2014-12-19,lift
2014-12-17,lift
2014-12-15,lift
2014-12-13,lift
2014-12-10,lift
2014-12-9,lift
2014-12-7,lift
2014-12-5,lift
2014-12-3,lift
2014-12-1,lift
2014-11-28,lift
2014-11-27,lift
2014-11-26,lift
2014-11-24,lift
2014-11-23,lift
2014-11-22,lift
2014-11-19,lift
2014-11-18,lift
2014-11-16,lift
2014-11-15,lift
2014-11-12,lift
2014-11-11,lift
2014-11-9,lift
2014-11-8,lift
2014-11-6,lift
2014-11-5,lift
2014-11-2,lift
2014-10-30,lift
2014-10-29,lift
2014-10-27,lift
2014-10-24,lift
2014-10-23,lift
2014-10-20,lift
2014-10-19,lift
2014-10-17,lift
2014-10-16,lift
2014-10-13,lift
2014-10-12,lift
2014-10-10,lift
2014-10-6,lift
2014-10-5,lift
2014-10-3,lift
2014-10-2,lift
2014-9-30,lift
2014-9-29,lift
2014-9-28,lift
2014-9-26,lift
2014-9-22,lift
2014-9-19,lift
2014-9-15,lift
2014-9-11,lift
2014-9-10,lift
2014-9-8,lift
2014-9-5,lift
2014-9-3,lift
2014-9-1,lift
2014-8-30,lift
2014-8-29,lift
2014-8-28,lift
2014-8-27,lift
2014-8-25,lift
2014-8-24,lift
2014-8-23,lift
2014-8-22,lift
2014-8-19,lift
2014-8-18,lift
2014-8-17,lift
2014-8-15,lift
2014-8-14,lift
2014-8-13,lift
2014-8-12,lift
2014-8-11,lift
2014-8-10,lift
2014-8-9,lift
2014-8-8,lift
2014-8-7,lift
2014-8-6,lift
2014-8-5,lift
2014-8-4,lift
2014-8-2,lift
2014-8-1,lift
2014-7-31,lift
2014-7-30,lift
2014-7-26,lift
2014-7-25,lift
2014-7-24,lift
2014-7-23,lift
2014-7-21,lift
2014-7-20,lift
2014-7-19,lift
2014-7-18,lift
2014-7-17,lift
2014-7-16,lift
2014-7-15,lift
2014-7-14,lift
2014-7-13,lift
2014-7-12,lift
2014-7-11,lift
2014-7-9,lift
2014-7-7,lift
2014-7-6,lift
2014-7-5,lift
2014-7-3,lift
2014-7-1,lift
2014-6-30,lift
2014-6-29,lift
2014-6-28,lift
2014-6-27,lift
2014-6-25,lift
2014-6-24,lift
2014-6-22,lift
2014-6-20,lift
2014-6-19,lift
2014-6-18,lift
2014-6-15,lift
2014-6-14,lift
2014-6-13,lift
2014-6-12,lift
2014-6-11,lift
2014-6-8,lift
2014-6-7,lift
2014-6-5,lift
2014-6-4,lift
2014-6-3,lift
2014-6-2,lift
2014-6-1,lift
2014-5-30,lift
2014-5-29,lift
2014-5-28,lift
2014-5-27,lift
2014-5-25,lift
2014-5-24,lift
2014-5-23,lift
2014-5-21,lift
2014-5-20,lift
2014-5-19,lift
2014-5-16,lift
2014-5-15,lift
2014-5-14,lift
2014-5-13,lift
2014-5-12,lift
2014-5-10,lift
2014-5-9,lift
2014-5-8,lift
2014-5-7,lift
2014-5-5,lift
2014-5-3,lift
2014-5-1,lift
2014-4-30,lift
2014-4-29,lift
2014-4-27,lift
2014-4-25,lift
2014-4-24,lift
2014-4-22,lift
2014-4-20,lift
2014-4-18,lift
2014-4-15,lift
2014-4-3,lift
2014-4-2,lift
2014-3-23,lift
2014-3-16,lift
2014-3-9,lift
2014-2-16,lift
2014-2-10,lift
2014-2-2,lift
2014-1-20,lift
2014-1-16,lift
2014-1-11,lift
2013-12-22,lift
2013-11-10,lift
2013-11-7,lift
2013-10-24,lift
2013-9-24,lift
2013-9-18,lift
2013-9-6,lift
2013-8-24,lift
2013-7-28,lift
2013-5-27,lift
